pertanyaan,label
Apa langkah-langkah penawaran mata_kuliah di STIKOM?,0
Bagaimana cara mendaftar mata_kuliah di STIKOM 22 Januari?,0
Apa prosedur penawaran mata_kuliah di STIKOM?,0
Bagaimana langkah-langkah pengisian KRS di STIKOM?,0
Apa tahapan penawaran mata kuliah di STIKOM?,0
Bagaimana cara mengambil mata kuliah di STIKOM?,0
Bagaimana proses penawaran mata kuliah di STIKOM 22 Januari?,0
Apa langkah-langkah pengambilan mata kuliah di STIKOM?,0
Bagaimana cara mengisi KRS di STIKOM?,0
Cara daftar matkul di STIKOM gimana?,0
STIKOM punya prosedur apa untuk daftar mata kuliah?,0
Langkah-langkah penawaran mata kuliah di STIKOM apa saja?,0
"Mau daftar mata kuliah di STIKOM, harus ngapain?",0
"Kalau mau daftar matkul semester depan, caranya gimana?",0
Apa yang harus dilakukan setelah bayar SPP untuk daftar matkul?,0
Daftar matkul STIKOM gimana?,0
Cara daftar matkul?,0
Gimana sih cara daftar matkul di STIKOM?,0
Langkah2 penawaran matkul di STIKOM apa?,0
Apa saja prospek kerja untuk lulusan Sistem Informasi?,1
Bagaimana prospek kerja di bidang Sistem Informasi?,1
Apa peluang kerja untuk lulusan Sistem Informasi?,1
Apa saja pekerjaan yang bisa dilakukan oleh lulusan Sistem Informasi?,1
Apa karir yang tersedia untuk lulusan Sistem Informasi?,1
Apa saja pilihan karir untuk lulusan Sistem Informasi?,1
Apa prospek karir di bidang Sistem Informasi?,1
Apa pekerjaan yang cocok untuk lulusan Sistem Informasi?,1
Apa saja peluang kerja di bidang Sistem Informasi?,1
Apa jenis pekerjaan yang bisa dilakukan oleh lulusan Sistem Informasi?,1
Lulusan SI bisa kerja di mana?,1
Prospek kerja jurusan Sistem Informasi apa aja?,1
"Kalau lulus SI, kerja jadi apa?",1
Apa aja sih peluang kerja buat lulusan SI?,1
Kerja apa yang cocok buat lulusan Sistem Informasi?,1
Jurusan SI punya prospek kerja bagus nggak?,1
Apa aja sih pekerjaan buat lulusan SI?,1
Lulusan Sistem Informasi biasanya kerja di bidang apa?,1
Prospek karir lulusan SI gimana?,1
Kerja apa yang bisa dilakukan setelah lulus SI?,1
Apa saja prospek kerja untuk lulusan Teknik Komputer?,2
Bagaimana prospek kerja di bidang Teknik Komputer?,2
Apa peluang kerja untuk lulusan Teknik Komputer?,2
Apa saja pekerjaan yang bisa dilakukan oleh lulusan Teknik Komputer?,2
Apa karir yang tersedia untuk lulusan Teknik Komputer?,2
Apa saja pilihan karir untuk lulusan Teknik Komputer?,2
Apa prospek karir di bidang Teknik Komputer?,2
Apa pekerjaan yang cocok untuk lulusan Teknik Komputer?,2
Apa saja peluang kerja di bidang Teknik Komputer?,2
Apa jenis pekerjaan yang bisa dilakukan lulusan TK?,2
Lulusan TK bisa kerja di mana?,2
Prospek kerja jurusan Teknik Komputer apa saja?,2
"Kalau lulus TK, kerja jadi apa?",2
Apa saja peluang kerja buat lulusan TK?,2
Kerja apa yang cocok buat lulusan Teknik Komputer?,2
Jurusan TK punya prospek kerja bagus nggak?,2
Apa saja pekerjaan buat lulusan TK?,2
Lulusan Teknik Komputer biasanya kerja di bidang apa?,2
"Setelah lulus TK, karirnya seperti apa?",2
Apa saja mata_kuliah di program studi Teknik Komputer?,3
Bisa sebutkan mata_kuliah Teknik Komputer di STIKOM?,3
Apa daftar mata_kuliah untuk Teknik Komputer?,3
Apa saja mata_kuliah yang diajarkan di Teknik Komputer?,3
Bisa berikan daftar mata_kuliah Teknik Komputer?,3
Apa mata_kuliah yang ada di prodi Teknik Komputer?,3
Apa saja mata_kuliah di jurusan Teknik Komputer?,3
Bisa sebutkan daftar mata_kuliah Teknik Komputer?,3
Apa mata_kuliah yang dipelajari di Teknik Komputer?,3
Apa saja mata_kuliah yang tersedia di Teknik Komputer?,3
mata_kuliah apa aja yang ada di teknik komputer?,3
Daftar matkul Teknik Komputer apa saja?,3
Apa aja sih mata kuliah di jurusan teknik komputer?,3
"Kalau ambil TK, belajar apa aja?",3
Mata kuliah TK di STIKOM apa aja?,3
Apa saja matkul yang diajarkan di Teknik Komputer?,3
Bisa kasih tahu daftar matkul teknik komputer?,3
Apa aja sih yang dipelajari di Teknik Komputer?,3
Mata kuliah apa yang ada di prodi teknik komputer?,3
Daftar lengkap matkul teknik komputer apa?,3
apasih matkul dari teknik komputer ,3
Apa saja mata_kuliah di program studi Sistem Informasi?,4
Bisa sebutkan mata_kuliah Sistem Informasi di STIKOM?,4
Apa daftar mata_kuliah untuk Sistem Informasi?,4
Apa saja mata_kuliah yang diajarkan di Sistem Informasi?,4
Bisa berikan daftar mata_kuliah Sistem Informasi?,4
Apa mata_kuliah yang ada di prodi Sistem Informasi?,4
Apa saja mata_kuliah di jurusan Sistem Informasi?,4
Bisa sebutkan daftar mata_kuliah Sistem Informasi?,4
Apa mata_kuliah yang dipelajari di Sistem Informasi?,4
Apa saja mata kuliah yang tersedia di Sistem Informasi?,4
Mata kuliah apa aja yang ada di SI?,4
Daftar matkul Sistem Informasi apa saja?,4
Apa aja sih mata kuliah di jurusan SI?,4
"Kalau ambil SI, belajar apa aja?",4
Mata kuliah SI di STIKOM apa aja?,4
Apa saja matkul yang diajarkan di Sistem Informasi?,4
Bisa kasih tahu daftar matkul SI?,4
Apa aja sih yang dipelajari di Sistem Informasi?,4
Mata kuliah apa yang ada di prodi SI?,4
Daftar lengkap matkul SI apa?,4
Apa perbedaan antara Teknik Komputer dan Sistem Informasi?,5
Bagaimana membedakan Teknik Komputer dan Sistem Informasi?,5
Apa bedanya Teknik Komputer dengan Sistem Informasi?,5
Apa perbedaan TK dan SI?,5
Bagaimana perbedaan antara TK dan SI?,5
Apa perbedaan jurusan Teknik Komputer dan Sistem Informasi?,5
Apa beda Teknik Komputer dan Sistem Informasi?,5
Apa perbedaan prodi TK dan SI?,5
Bagaimana membedakan TK dan SI?,5
Apa perbedaan antara Teknik Komputer (TK) dan Sistem Informasi (SI)?,5
TK sama SI bedanya apa?,5
Jurusan TK dan SI itu beda ya?,5
Apa aja sih perbedaan TK sama SI?,5
"Kalau mau ambil TK atau SI, bedanya apa?",5
TK itu lebih ke hardware ya?,5
SI lebih ke software atau hardware?,5
Apa beda fokus TK dan SI?,5
"TK sama SI, mana yang lebih cocok buat saya?",5
Apa perbedaan utama TK dan SI?,5
Jurusan TK dan SI itu mirip atau beda?,5
Siapa saja dosen di STIKOM 22 Januari Kendari?,6
Apa nama-nama dosen di STIKOM?,6
Bisa sebutkan nama dosen di STIKOM 22 Januari?,6
Siapa dosen yang mengajar di STIKOM?,6
Apa saja nama dosen di kampus STIKOM?,6
Bisa berikan daftar dosen di STIKOM?,6
Siapa saja pengajar di STIKOM 22 Januari Kendari?,6
Apa nama dosen yang ada di STIKOM?,6
Bisa sebutkan nama-nama dosen di STIKOM 22 Januari?,6
Siapa saja dosen yang mengajar di STIKOM?,6
Dosen STIKOM siapa aja?,6
Siapa aja dosen di STIKOM 22 Januari?,6
Bisa kasih tahu daftar dosen STIKOM?,6
Apa aja sih nama dosen di STIKOM?,6
Dosen yang ngajar di STIKOM siapa?,6
Siapa aja pengajar di STIKOM?,6
Dosen STIKOM ada siapa aja?,6
Bisa sebutin nama dosen STIKOM?,6
Siapa aja yang ngajar di STIKOM 22 Januari?,6
Dosen di STIKOM siapa saja?,6
Apa saja fasilitas yang ada di kampus STIKOM?,7
Bisa sebutkan fasilitas di STIKOM 22 Januari Kendari?,7
Apa fasilitas yang tersedia di STIKOM?,7
Apa saja fasilitas kampus STIKOM?,7
Bisa berikan daftar fasilitas di STIKOM?,7
Apa fasilitas yang ada di kampus STIKOM 22 Januari?,7
Apa saja fasilitas yang disediakan oleh STIKOM?,7
Bisa sebutkan fasilitas yang ada di STIKOM?,7
Apa fasilitas yang dimiliki oleh STIKOM?,7
Apa saja fasilitas yang bisa dinikmati di STIKOM?,7
Fasilitas STIKOM apa aja?,7
Apa aja sih fasilitas di STIKOM?,7
STIKOM punya fasilitas apa?,7
Fasilitas kampus STIKOM ada apa saja?,7
Bisa kasih tahu fasilitas STIKOM?,7
Apa aja yang ada di kampus STIKOM?,7
Fasilitas di STIKOM 22 Januari apa?,7
STIKOM punya fasilitas lengkap nggak?,7
Apa aja fasilitas yang disediakan STIKOM?,7
Fasilitas STIKOM lengkap nggak?,7
Apa sejarah STIKOM 22 Januari Kendari?,8
Bagaimana sejarah berdirinya STIKOM?,8
Bisa ceritakan sejarah STIKOM 22 Januari?,8
Apa latar belakang berdirinya STIKOM?,8
Bagaimana awal mula STIKOM 22 Januari Kendari?,8
Apa sejarah berdirinya STIKOM 22 Januari?,8
Bisa jelaskan sejarah STIKOM?,8
Apa asal-usul STIKOM 22 Januari Kendari?,8
Bagaimana sejarah pendirian STIKOM?,8
Apa cerita di balik berdirinya STIKOM 22 Januari?,8
Sejarah STIKOM gimana?,8
Bisa ceritain sejarah STIKOM?,8
Apa aja sih sejarah STIKOM 22 Januari?,8
STIKOM berdiri sejak kapan?,8
Bagaimana awal berdirinya STIKOM?,8
Apa latar belakang STIKOM 22 Januari?,8
STIKOM didirikan oleh siapa?,8
Bisa kasih tahu sejarah STIKOM?,8
Apa aja yang perlu diketahui tentang sejarah STIKOM?,8
STIKOM 22 Januari punya sejarah apa?,8
Apa visi dan misi STIKOM 22 Januari Kendari?,9
Bagaimana visi dan misi kampus STIKOM?,9
Bisa sebutkan visi dan misi STIKOM?,9
Apa tujuan STIKOM 22 Januari?,9
Bagaimana STIKOM mencapai visi dan misinya?,9
Apa yang menjadi fokus STIKOM dalam pendidikan?,9
Bagaimana STIKOM berkontribusi pada masyarakat?,9
Apa nilai-nilai yang dianut oleh STIKOM?,9
Bagaimana STIKOM mempersiapkan mahasiswa untuk masa depan?,9
Apa keunggulan STIKOM dibanding kampus lain?,9
Visi misi STIKOM apa?,9
Apa aja sih visi misi STIKOM?,9
STIKOM punya visi misi apa?,9
Bisa kasih tahu visi misi STIKOM?,9
Apa tujuan utama STIKOM?,9
STIKOM fokus ke apa?,9
Apa aja nilai-nilai STIKOM?,9
STIKOM punya keunggulan apa?,9
Bagaimana STIKOM membangun masa depan mahasiswa?,9
Apa aja sih keunggulan STIKOM?,9
Apa itu Teknik Komputer?,10
Apa definisi Teknik Komputer?,10
Bisa jelaskan pengertian Teknik Komputer?,10
Apa yang dimaksud dengan Teknik Komputer?,10
Apa arti dari Teknik Komputer?,10
Bisa berikan penjelasan tentang Teknik Komputer?,10
Apa pengertian dari Teknik Komputer?,10
Apa itu jurusan Teknik Komputer?,10
Bisa jelaskan apa itu Teknik Komputer?,10
Apa makna Teknik Komputer?,10
Teknik Komputer itu apa sih?,10
Jurusan TK itu belajar apa?,10
Apa fokus utama Teknik Komputer?,10
Teknik Komputer itu lebih ke hardware atau software?,10
Apa saja yang diajarkan di jurusan TK?,10
Apa yang jadi dasar ilmu Teknik Komputer?,10
Teknik Komputer itu mencakup apa saja?,10
Apa bedanya Teknik Komputer dengan jurusan lain?,10
Jam berapa dosen biasanya datang ke kampus?,11
Bagaimana jadwal kedatangan dosen di STIKOM?,11
Kapan dosen biasanya hadir di kampus?,11
Apa jam kerja dosen di STIKOM?,11
Bagaimana ketepatan waktu dosen datang ke kampus?,11
Jam berapa dosen mulai mengajar di STIKOM?,11
Kapan dosen tersedia untuk konsultasi di kampus?,11
Bagaimana sistem kehadiran dosen di STIKOM?,11
Apa jam kedatangan dosen di STIKOM 22 Januari?,11
Kapan dosen biasanya berada di kampus?,11
Dosen STIKOM jam berapa datang?,11
Jam berapa dosen mulai ngajar?,11
Kapan dosen ada di kampus?,11
Dosen STIKOM jam berapa hadir?,11
Apa aja sih jam kerja dosen?,11
Dosen biasanya jam berapa datang?,11
Jam berapa dosen STIKOM mulai kerja?,11
Kapan dosen bisa ditemui di kampus?,11
Dosen STIKOM jam berapa masuk?,11
Jam kerja dosen STIKOM gimana?,11
Bagaimana proses penawaran mata_kuliah  di STIKOM?,12
Apa langkah-langkah penawaran mata kuliah ?,12
Bagaimana cara menawar mata_kuliah ?,12
Apa syarat untuk menawar matakuliah ?,12
Bagaimana alur penawaran hingga skripsi?,12
Apa yang harus dilakukan setelah penawaran mata_kuliah ?,12
Bagaimana cara memulai skripsi setelah penawaran?,12
Apa hubungan antara penawaran mata_kuliah  dan skripsi?,12
Bagaimana proses akademik dari penawaran hingga skripsi?,12
Apa tahapan skripsi di STIKOM?,12
Cara mulai skripsi setelah penawaran gimana?,12
Apa aja sih tahapan skripsi?,12
Bagaimana alur penawaran sampai skripsi?,12
Apa yang harus dilakukan setelah penawaran matkul?,12
Proses skripsi di STIKOM gimana?,12
Bagaimana cara mulai skripsi?,12
Apa aja sih langkah-langkah skripsi?,12
Apa aja sih tahapan skripsi di STIKOM?,12
Bagaimana proses skripsi di STIKOM?,12
Bagaimana proses perbaikan nilai di STIKOM?,13
Apa yang harus dilakukan jika mendapat nilai kurang?,13
Bagaimana cara mengajukan perbaikan nilai?,13
Bagaimana prosedur program ulang mata kuliah?,13
Apa langkah-langkah perbaikan nilai di STIKOM?,13
Bagaimana cara mengikuti SP di STIKOM?,13
Apa syarat untuk mengikuti program ulang mata kuliah?,13
Bagaimana alur perbaikan nilai dan SP di STIKOM?,13
Apa yang harus dilakukan jika ingin memperbaiki nilai?,13
Cara perbaikan nilai di STIKOM gimana?,13
Apa aja sih langkah-langkah perbaikan nilai?,13
Bagaimana cara ikut SP?,13
Apa aja sih syarat program ulang?,13
Bagaimana alur perbaikan nilai?,13
Cara ikut SP di STIKOM gimana?,13
Apa aja sih tahapan perbaikan nilai?,13
Bagaimana proses program ulang matkul?,13
Apa aja sih langkah-langkah SP?,13
Bagaimana cara memperbaiki nilai di STIKOM?,13
Apa berita terbaru di kampus STIKOM?,14
Bagaimana cara mengetahui berita kampus STIKOM?,14
Apa informasi terbaru seputar STIKOM 22 Januari?,14
Di mana bisa melihat berita resmi kampus STIKOM?,14
Apa kegiatan terbaru di STIKOM 22 Januari?,14
Bagaimana cara mengakses berita kampus STIKOM?,14
Apa pengumuman terbaru dari kampus STIKOM?,14
Di mana bisa mendapatkan informasi terbaru tentang STIKOM?,14
Apa acara terbaru yang diadakan oleh STIKOM?,14
Bagaimana cara mengetahui update berita kampus?,14
Berita terbaru STIKOM apa?,14
Apa aja sih berita terbaru di STIKOM?,14
Di mana bisa lihat berita STIKOM?,14
Apa aja sih kegiatan terbaru di STIKOM?,14
Bagaimana cara cek berita kampus?,14
Apa aja sih pengumuman terbaru STIKOM?,14
Di mana bisa dapat info terbaru STIKOM?,14
Apa aja sih acara terbaru di STIKOM?,14
Bagaimana cara update berita kampus?,14
Apa aja sih info terbaru STIKOM?,14
Apa alamat lengkap kampus STIKOM?,15
Bagaimana akreditasi kampus STIKOM?,15
Apa program studi yang tersedia di STIKOM?,15
Apa saja fasilitas yang ada di kampus?,15
Apa visi dan misi kampus STIKOM?,15
Apa saja kegiatan akademik di STIKOM?,15
Bagaimana cara menghubungi administrasi kampus?,15
Alamat STIKOM di mana?,15
Apa aja sih prodi di STIKOM?,15
Apa aja sih fasilitas STIKOM?,15
Bagaimana sistem kuliah di STIKOM?,15
Apa aja sih kegiatan akademik STIKOM?,15
Bagaimana cara hubungi admin STIKOM?,15
Apa aja sih info umum STIKOM?,15
Bagaimana cara mendaftar sebagai mahasiswa baru di STIKOM?,16
Apa syarat pendaftaran mahasiswa baru?,16
Di mana saya bisa mendapatkan formulir pendaftaran?,16
Berapa biaya pendaftaran mahasiswa baru?,16
Apa dokumen yang diperlukan untuk pendaftaran?,16
Bagaimana alur pendaftaran mahasiswa baru?,16
Kapan pendaftaran mahasiswa baru dibuka?,16
Apakah ada tes masuk untuk mahasiswa baru?,16
Bagaimana cara mengisi formulir pendaftaran?,16
Di mana saya bisa melihat pengumuman pendaftaran?,16
Cara daftar mahasiswa baru di STIKOM gimana?,16
Apa aja sih syarat pendaftaran?,16
Di mana bisa ambil formulir pendaftaran?,16
Berapa biaya daftar mahasiswa baru?,16
Apa aja sih dokumen yang dibutuhkan?,16
Bagaimana alur pendaftaran?,16
Kapan pendaftaran dibuka?,16
Ada tes masuk nggak?,16
Bagaimana cara isi formulir pendaftaran?,16
Di mana bisa lihat pengumuman pendaftaran?,16
Bagaimana jadwal perkuliahan di STIKOM?,17
Apa kegiatan akademik yang ada di STIKOM?,17
Bagaimana sistem perkuliahan di STIKOM?,17
Apa saja kegiatan yang dilakukan selama perkuliahan?,17
Bagaimana cara mengikuti kegiatan akademik di STIKOM?,17
Apa yang harus dilakukan selama perkuliahan di STIKOM?,17
Bagaimana cara mengetahui jadwal akademik di STIKOM?,17
Apa kegiatan tambahan yang disediakan oleh STIKOM?,17
Bagaimana sistem penilaian di STIKOM?,17
Apa saja kegiatan non-akademik di STIKOM?,17
Jadwal kuliah di STIKOM gimana?,17
Apa aja sih kegiatan selama kuliah?,17
Bagaimana cara ikut kegiatan akademik?,17
Apa yang harus dilakukan selama kuliah?,17
Bagaimana cara cek jadwal akademik?,17
Apa aja sih kegiatan tambahan STIKOM?,17
Bagaimana sistem nilai di STIKOM?,17
Apa aja sih kegiatan non-akademik STIKOM?,17
Bisa pinjam buku di perpustakaan STIKOM nggak?,18
Apa saja yang bisa dipinjam di perpustakaan?,18
Berapa banyak buku yang boleh dipinjam?,18
Pinjam buku di STIKOM susah nggak?,18
Apakah semua buku di perpustakaan bisa dipinjam?,18
Buku apa yang tersedia untuk dipinjam?,18
Mahasiswa baru bisa pinjam buku nggak?,18
Pinjam buku di perpustakaan STIKOM bayar nggak?,18
Ada batasan pinjam buku di STIKOM?,18
Buku di perpustakaan STIKOM lengkap nggak?,18
Pinjam buku itu perlu kartu apa?,18
Bisa pinjam buku untuk semester ini?,18
Perpustakaan STIKOM punya buku digital nggak?,18
Pinjam buku di STIKOM lama nggak?,18
Apa saja koleksi buku yang bisa dipinjam?,18
Mahasiswa boleh pinjam berapa buku sekaligus?,18
Pinjam buku di perpustakaan itu ribet nggak?,18
Ada buku wajib yang bisa dipinjam?,18
Perpustakaan STIKOM izinkan pinjam buku lama nggak?,18
Pinjam buku di STIKOM harus ke mana?,18
apa akreditasi STIKOM saat ini?,19
bagaimana status akreditasi kampus STIKOM?,19
apakah STIKOM sudah terakreditasi A?,19
berapa nilai akreditasi program studi di STIKOM?,19
kapan terakhir kali STIKOM melakukan akreditasi?,19
STIKOM termasuk perguruan tinggi terakreditasi apa?,19
apakah akreditasi STIKOM masih berlaku?,19
dimana bisa cek akreditasi resmi STIKOM?,19
akreditasi prodi di STIKOM seperti apa?,19
berapa lama masa berlaku akreditasi STIKOM?,19
siapa rektor STIKOM sekarang?,20
nama pimpinan tertinggi di STIKOM siapa?,20
siapa yang memimpin STIKOM tahun ini?,20
bisakah kamu beri tahu nama dekan di STIKOM?,20
siapa wakil rektor STIKOM saat ini?,20
ada berapa pimpinan di STIKOM?,20
siapa kepala jurusan di STIKOM?,20
siapa yang bertanggung jawab atas manajemen STIKOM?,20
siapa pemimpin fakultas di STIKOM?,20
bisakah kamu jelaskan struktur pimpinan STIKOM?,20
tolong berikan gambaran struktur organisasi STIKOM.,21
bagaimana susunan manajemen di STIKOM?,21
apakah ada diagram struktur organisasi STIKOM?,21
bisa jelaskan hirarki kepemimpinan di STIKOM?,21
siapa saja yang termasuk dalam struktur organisasi STIKOM?,21
bagaimana pembagian tugas di struktur organisasi STIKOM?,21
dimana saya bisa melihat struktur organisasi STIKOM?,21
apakah struktur organisasi STIKOM tersedia online?,21
siapa yang menjabat di level manajemen STIKOM?,21
bisakah kamu beri detail tentang divisi di STIKOM?,21
siapa kaprodi prodi Sistem Informasi di STIKOM?,22
kaprodi Teknik Informatika STIKOM siapa?,22
siapa yang bertanggung jawab sebagai kaprodi di STIKOM?,22
boleh tahu nama kaprodi di jurusan Komputer STIKOM?,22
siapa kaprodi Manajemen Informatika di STIKOM?,22
kaprodi Akuntansi STIKOM siapa ya?,22
siapa pengelola program studi di STIKOM?,22
kaprodi di STIKOM itu jabatan apa?,22
siapa kaprodi paling senior di STIKOM?,22
bisakah kamu beri info lengkap tentang kaprodi STIKOM?,22
adakah unit kegiatan mahasiswa (UKM) di STIKOM?,23
organisasi kemahasiswaan apa saja yang ada di STIKOM?,23
apakah STIKOM memiliki komunitas atau organisasi kampus?,23
bisakah kamu beri info tentang organisasi internal STIKOM?,23
ada berapa organisasi mahasiswa di STIKOM?,23
organisasi apa yang paling aktif di STIKOM?,23
apakah ada organisasi olahraga di STIKOM?,23
bagaimana cara bergabung dengan organisasi di STIKOM?,23
organisasi seni di STIKOM ada nggak?,23
siapa yang mengelola organisasi mahasiswa di STIKOM?,23
apa saja pencapaian mahasiswa STIKOM?,24
mahasiswa STIKOM pernah menang lomba apa saja?,24
sebutkan beberapa prestasi membanggakan dari mahasiswa STIKOM.,24
kapan terakhir kali mahasiswa STIKOM meraih juara nasional?,24
apa prestasi internasional yang diraih mahasiswa STIKOM?,24
apakah mahasiswa STIKOM sering ikut kompetisi?,24
prestasi apa yang paling terkenal dari STIKOM?,24
siapa mahasiswa STIKOM yang pernah juara umum?,24
apakah ada mahasiswa STIKOM yang mendapat beasiswa prestasi?,24
bisakah kamu beri daftar prestasi mahasiswa STIKOM?,24
dari mana saja asal pendidikan dosen-dosen STIKOM?,25
apakah dosen STIKOM bergelar doktor?,25
bagaimana profil singkat para pengajar di STIKOM?,25
berasal dari universitas mana para dosen STIKOM?,25
apakah dosen STIKOM memiliki pengalaman internasional?,25
siapa dosen paling senior di STIKOM?,25
berapa persen dosen STIKOM yang bergelar profesor?,25
apakah dosen STIKOM aktif dalam penelitian?,25
dosen STIKOM memiliki sertifikasi apa saja?,25
bisakah kamu beri info tentang latar belakang dosen STIKOM?,25
kenapa IPK penting bagi mahasiswa?,26
IPK itu mengacu pada apa ya?,26
apa hubungan IPK dengan kelulusan?,26
bisakah kamu kasih penjelasan sederhana soal IPK?,26
berapa nilai IPK minimal untuk lulus di STIKOM?,26
apakah IPK mempengaruhi karir mahasiswa?,26
bagaimana cara meningkatkan IPK di STIKOM?,26
IPK itu dihitung berdasarkan apa?,26
berapa IPK rata-rata mahasiswa STIKOM?,26
apakah IPK mempengaruhi beasiswa di STIKOM?,26
kenapa KRS harus diisi setiap semester?,27
KRS digunakan untuk apa oleh mahasiswa?,27
apa tujuan pengisian KRS dalam perkuliahan?,27
bagaimana cara kerja sistem KRS di perguruan tinggi?,27
kapan batas waktu pengisian KRS di STIKOM?,27
apakah KRS bisa diubah setelah diisi?,27
siapa yang bertanggung jawab atas KRS mahasiswa?,27
berapa mata kuliah maksimal dalam KRS?,27
apakah ada denda jika telat isi KRS?,27
bisakah kamu beri panduan pengisian KRS di STIKOM?,27
apa bedanya KHS dengan KRS?,28
KHS itu mencatat apa saja?,28
kenapa KHS penting untuk evaluasi akademik?,28
apa fungsi utama KHS bagi mahasiswa?,28
kapan KHS biasanya dikeluarkan di STIKOM?,28
apakah KHS bisa dicetak secara online?,28
siapa yang bertanggung jawab atas KHS mahasiswa?,28
berapa nilai minimum yang harus ada di KHS?,28
apakah KHS mempengaruhi kelulusan?,28
bisakah kamu beri contoh format KHS di STIKOM?,28
apakah ada kelas untuk karyawan?,29
karyawan bisa kuliah di STIKOM tidak?,29
apakah STIKOM menyediakan kelas untuk karyawan?,29
bagaimana cara karyawan kuliah di STIKOM?,29
adakah program kuliah malam untuk pekerja di STIKOM?,29
apakah ada kelas fleksibel untuk profesional di STIKOM?,29
bisakah pekerja paruh waktu mengikuti perkuliahan di STIKOM?,29
apa syarat untuk mengikuti kelas karyawan di STIKOM?,29
kapan jadwal kuliah untuk karyawan di STIKOM?,29
apakah mahasiswa yang tidak bekerja bisa mengambil kelas ekstensi?,30
bisa ikut kelas ekstensi meski tidak bekerja?,30
apakah kelas ekstensi hanya untuk karyawan?,30
mahasiswa biasa boleh ikut kelas ekstensi?,30
apa perbedaan kelas ekstensi dengan kelas reguler?,30
siapa saja yang bisa mendaftar kelas ekstensi di STIKOM?,30
apakah ada batasan usia untuk kelas ekstensi?,30
bagaimana sistem pembelajaran di kelas ekstensi?,30
apakah kelas ekstensi memiliki jadwal yang fleksibel?,30
berapa lama durasi kuliah di kelas ekstensi STIKOM?,30
apa kode etik mahasiswa?,31
bagaimana kode etik untuk mahasiswa?,31
kode etik mahasiswa STIKOM apa saja?,31
apa saja aturan kode etik mahasiswa?,31
kenapa kode etik mahasiswa penting?,31
pelanggaran apa saja yang termasuk melanggar kode etik mahasiswa?,31
bagaimana konsekuensi jika melanggar kode etik mahasiswa?,31
apa poin utama dalam aturan perilaku mahasiswa?,31
dimana bisa membaca kode etik mahasiswa STIKOM?,31
siapa yang menegakkan kode etik mahasiswa di STIKOM?,31
apa kode etik dosen STIKOM?,32
bagaimana kode etik untuk dosen?,32
kode etik dosen STIKOM apa saja?,32
apa saja aturan kode etik dosen?,32
kenapa kode etik dosen penting di STIKOM?,32
apa sanksi jika dosen melanggar kode etiknya?,32
siapa yang mengawasi pelaksanaan kode etik dosen?,32
bagaimana proses penegakan kode etik dosen di STIKOM?,32
dimana bisa membaca kode etik dosen STIKOM?,32
apakah kode etik dosen berlaku untuk semua jenis pengajar?,32
Berapa biaya kuliah STIKOM?,33
berapa total biaya masuk STIKOM?,33
biaya SPP per semester di STIKOM berapa?,33
berapa estimasi biaya hidup selama kuliah di STIKOM?,33
berapa uang pangkal untuk mahasiswa baru di STIKOM?,33
apakah biaya kuliah di STIKOM terjangkau?,33
berapa biaya tambahan selain SPP di STIKOM?,33
apakah ada diskon biaya kuliah di STIKOM?,33
berapa biaya untuk program studi tertentu di STIKOM?,33
dimana bisa cek rincian biaya kuliah di STIKOM?,33
apa saja biaya yang perlu diperhatikan ?,34
"selain SPP, apa saja biaya tambahan di STIKOM?",34
ada biaya lain selain uang kuliah di STIKOM?,34
apa saja pos-pos pengeluaran wajib mahasiswa STIKOM?,34
biaya apa saja yang harus dipersiapkan sebelum kuliah di STIKOM?,34
berapa biaya buku dan alat tulis di STIKOM?,34
apakah ada biaya praktikum di STIKOM?,34
berapa biaya wisuda di STIKOM?,34
apakah ada biaya asrama atau kos di STIKOM?,34
berapa biaya transportasi rata-rata untuk mahasiswa STIKOM?,34
bagaimana cara mengajukan beasiswa di stikom ?,35
syarat mendapatkan beasiswa di STIKOM apa saja?,35
bagaimana prosedur pengajuan beasiswa di STIKOM?,35
kapan periode pendaftaran beasiswa dibuka di STIKOM?,35
jenis beasiswa apa saja yang tersedia di STIKOM?,35
apakah ada beasiswa untuk mahasiswa baru di STIKOM?,35
berapa besar bantuan dari beasiswa di STIKOM?,35
apakah ada beasiswa untuk mahasiswa berprestasi?,35
bagaimana cara mempertahankan beasiswa di STIKOM?,35
dimana bisa mendapatkan informasi lengkap tentang beasiswa STIKOM?,35
 apakah ada program magang yang disediakan oleh kampus ?,36
apakah ada kerjasama magang antara STIKOM dan perusahaan?,36
program magang di STIKOM seperti apa?,36
kapan waktu pelaksanaan magang di STIKOM?,36
apakah semua jurusan di STIKOM menyediakan program magang?,36
berapa lama durasi program magang di STIKOM?,36
apakah magang di STIKOM berbayar?,36
bagaimana cara mendaftar program magang di STIKOM?,36
siapa yang bertanggung jawab atas program magang di STIKOM?,36
apakah ada sertifikat setelah menyelesaikan magang di STIKOM?,36
Bagaimana proses verifikasi dokumen?,37
Apa langkah-langkah verifikasi dokumen?,37
Proses verifikasi dokumen gimana?,37
Cara verifikasi dokumen di STIKOM?,37
Langkah verifikasi dokumen apa saja?,37
Bagaimana cara memverifikasi dokumen?,37
Apa prosedur verifikasi dokumen?,37
Verifikasi dokumen caranya gimana?,37
Dokumen diverifikasi gimana?,37
Langkah2 verifikasi dokumen?,37
Apa saja mata kuliah yang diajarkan di semester 1 dan 2?,38
Mata kuliah semester 1 dan 2 apa saja?,38
Daftar mata kuliah semester 1 dan 2?,38
Apa matkul di semester 1 dan 2?,38
Mata kuliah apa yang ada di semester 1 dan 2?,38
Semester 1 dan 2 ngajar matkul apa?,38
Matkul semester awal apa saja?,38
Apa saja pelajaran di semester 1 dan 2?,38
Daftar matkul semester 1 sama 2?,38
Semester 1 dan 2 belajar apa?,38
Perbedaan antara kelas reguler dan ekstensi?,39
Apa bedanya kelas reguler sama ekstensi?,39
Kelas reguler dan ekstensi berbeda dimana?,39
Bedanya reguler sama ekstensi apa?,39
Apa perbedaan reguler dan ekstensi?,39
Reguler sama ekstensi bedanya gimana?,39
Kelas reguler vs ekstensi?,39
Perbedaan kelas reguler dengan ekstensi?,39
Apa yang membedakan reguler dan ekstensi?,39
Reguler dan ekstensi apa bedanya?,39
Waktu wisuda?,40
Kapan wisuda diadakan?,40
Wisuda itu kapan?,40
Jadwal wisuda kapan?,40
Waktu wisuda STIKOM?,40
Wisuda diadakan kapan?,40
Kapan waktu wisuda?,40
Tanggal wisuda kapan?,40
Wisuda STIKOM kapan?,40
Jadwal wisuda itu kapan?,40
Pengertian semester pendek?,41
Apa itu semester pendek?,41
Semester pendek artinya apa?,41
Apa maksud semester pendek?,41
Semester pendek itu apa?,41
Definisi semester pendek?,41
Apa yang dimaksud semester pendek?,41
Semester pendek apa sih?,41
Pengertian dari semester pendek?,41
Semester pendek maksudnya apa?,41
Perpustakaan STIKOM buka jam berapa?,42
Kapan perpustakaan STIKOM dibuka?,42
Jam operasional perpustakaan STIKOM apa?,42
Hari apa saja perpustakaan STIKOM buka?,42
Perpustakaan buka sampai jam berapa?,42
Kapan perpustakaan STIKOM tutup?,42
Jam berapa perpustakaan mulai buka?,42
Perpustakaan STIKOM buka hari Sabtu nggak?,42
Waktu buka perpustakaan di STIKOM kapan?,42
Perpustakaan tutup jam berapa?,42
Hari Minggu perpustakaan buka nggak?,42
Jam kerja perpustakaan STIKOM gimana?,42
Kapan waktu terbaik ke perpustakaan STIKOM?,42
Perpustakaan STIKOM buka pagi nggak?,42
Jam berapa perpustakaan STIKOM selesai?,42
Waktu operasional perpustakaan hari ini apa?,42
Perpustakaan buka selama libur nggak?,42
Kapan jadwal perpustakaan STIKOM?,42
Hari apa perpustakaan STIKOM paling sepi?,42
Perpustakaan STIKOM buka sore nggak?,42
Bagaimana langkah-langkah pinjam buku di STIKOM?,43
Apa prosedur untuk meminjam buku di perpustakaan?,43
Cara daftar buat pinjam buku gimana?,43
Apa syarat untuk meminjam buku di STIKOM?,43
Bagaimana aturan peminjaman buku di perpustakaan?,43
Langkah apa saja untuk pinjam buku?,43
Pinjam buku perlu apa saja?,43
Bagaimana cara kembalikan buku yang dipinjam?,43
Apa yang harus dilakukan kalau buku hilang?,43
Berapa lama boleh pinjam buku di STIKOM?,43
Pinjam buku harus isi formulir nggak?,43
Apa prosedur kalau telat balikin buku?,43
Bagaimana cara perpanjang peminjaman buku?,43
Syarat apa yang dibutuhkan untuk pinjam buku?,43
Pinjam buku di STIKOM ada dendanya nggak?,43
Bagaimana alur peminjaman buku di perpustakaan?,43
Apa aturan kalau buku rusak saat dipinjam?,43
Langkah pinjam buku di perpustakaan apa saja?,43
Prosedur pinjam buku harus ke petugas nggak?,43
Bagaimana cara pinjam buku kalau belum punya kartu anggota?,43
Hari dan jam kerja/operasional?,44
Kapan hari dan jam operasional?,44
Jam kerja STIKOM kapan?,44
Hari operasional sama jamnya?,44
Jam operasional STIKOM?,44
Hari dan jam buka STIKOM?,44
Kapan operasional STIKOM?,44
Hari apa saja dan jam berapa operasional?,44
Jam kerja STIKOM gimana?,44
Hari dan jam operasional STIKOM?,44
Prosedur mahasiswa ahli jenjang?,45
Bagaimana prosedur ahli jenjang?,45
Cara jadi mahasiswa ahli jenjang?,45
Langkah-langkah ahli jenjang?,45
Prosedur mahasiswa ahli jenjang gimana?,45
Apa prosedur ahli jenjang?,45
Mahasiswa ahli jenjang caranya?,45
Langkah2 jadi ahli jenjang?,45
Bagaimana cara ahli jenjang?,45
Prosedur ahli jenjang apa?,45
Prosedur mahasiswa integrasi/pindah kampus (dari STIKOM ke kampus lain)?,46
Bagaimana cara pindah dari STIKOM ke kampus lain?,46
Langkah-langkah pindah kampus dari STIKOM?,46
Prosedur pindah kampus dari STIKOM?,46
Cara integrasi pindah dari STIKOM?,46
Apa prosedur pindah dari STIKOM?,46
Pindah kampus dari STIKOM gimana?,46
Langkah2 pindah dari STIKOM?,46
Bagaimana prosedur integrasi dari STIKOM?,46
Prosedur pindah dari STIKOM ke kampus lain?,46
Prosedur mahasiswa integrasi/pindah kampus (dari kampus lain ke STIKOM)?,47
Bagaimana cara pindah ke STIKOM?,47
Langkah-langkah pindah kampus ke STIKOM?,47
Prosedur pindah kampus ke STIKOM?,47
Cara integrasi pindah ke STIKOM?,47
Apa prosedur pindah ke STIKOM?,47
Pindah kampus ke STIKOM gimana?,47
Langkah2 pindah ke STIKOM?,47
Bagaimana prosedur integrasi ke STIKOM?,47
Prosedur pindah ke STIKOM dari kampus lain?,47
Prosedur konversi nilai?,48
Bagaimana cara konversi nilai?,48
Langkah-langkah konversi nilai?,48
Prosedur mengkonversi nilai?,48
Cara konversi nilai di STIKOM?,48
Apa prosedur konversi nilai?,48
Konversi nilai caranya gimana?,48
Langkah2 konversi nilai?,48
Bagaimana prosedur konversi nilai?,48
Prosedur untuk konversi nilai?,48
Penerimaan KIP?,49
Kapan penerimaan KIP?,49
KIP diterima kapan?,49
Jadwal penerimaan KIP?,49
Penerimaan KIP di STIKOM?,49
KIP itu diterima gimana?,49
Kapan KIP diterima?,49
Penerimaan KIP kapan?,49
KIP STIKOM kapan diterima?,49
Jadwal terima KIP?,49
Syarat pendaftaran KIP?,50
Apa syarat daftar KIP?,50
Syarat KIP apa saja?,50
Apa saja syarat pendaftaran KIP?,50
Syarat untuk daftar KIP?,50
KIP syaratnya apa?,50
Syarat daftar KIP di STIKOM?,50
Apa yang dibutuhkan untuk daftar KIP?,50
Syarat2 KIP apa?,50
Persyaratan KIP gimana?,50
Prosedur pendaftaran KIP?,51
Bagaimana cara daftar KIP?,51
Langkah-langkah daftar KIP?,51
Prosedur mendaftar KIP?,51
Cara pendaftaran KIP di STIKOM?,51
Apa prosedur daftar KIP?,51
Daftar KIP caranya gimana?,51
Langkah2 daftar KIP?,51
Bagaimana prosedur pendaftaran KIP?,51
Prosedur untuk daftar KIP?,51
Pengertian KKN?,52
Apa itu KKN?,52
KKN artinya apa?,52
Apa maksud KKN?,52
KKN itu apa?,52
Definisi KKN?,52
Apa yang dimaksud KKN?,52
KKN apa sih?,52
Pengertian dari KKN?,52
KKN maksudnya apa?,52
Prosedur KKN?,53
Bagaimana cara ikut KKN?,53
Langkah-langkah KKN?,53
Prosedur untuk KKN?,53
Cara KKN di STIKOM?,53
Apa prosedur KKN?,53
KKN caranya gimana?,53
Langkah2 KKN?,53
Bagaimana prosedur KKN?,53
Prosedur ikut KKN apa?,53
Biaya KKN?,54
Berapa biaya KKN?,54
KKN biayanya berapa?,54
Biaya untuk KKN?,54
KKN di STIKOM biayanya?,54
Apa biaya KKN?,54
Biaya KKN berapa?,54
KKN itu bayar berapa?,54
Berapa harga KKN?,54
Biaya KKN STIKOM?,54
Pengertian Studi Industri?,55
Apa itu studi industri?,55
Studi industri artinya apa?,55
Apa maksud studi industri?,55
Studi industri itu apa?,55
Definisi studi industri?,55
Apa yang dimaksud studi industri?,55
Studi industri apa sih?,55
Pengertian dari studi industri?,55
Studi industri maksudnya apa?,55
Prosedur Studi Industri?,56
Bagaimana cara studi industri?,56
Langkah-langkah studi industri?,56
Prosedur untuk studi industri?,56
Cara studi industri di STIKOM?,56
Apa prosedur studi industri?,56
Studi industri caranya gimana?,56
Langkah2 studi industri?,56
Bagaimana prosedur studi industri?,56
Prosedur ikut studi industri?,56
Biaya Studi Industri?,57
Berapa biaya studi industri?,57
Studi industri biayanya berapa?,57
Biaya untuk studi industri?,57
Studi industri di STIKOM biayanya?,57
Apa biaya studi industri?,57
Biaya studi industri berapa?,57
Studi industri bayar berapa?,57
Berapa harga studi industri?,57
Biaya studi industri STIKOM?,57
Pengertian PPKS (Pencegahan dan Penanganan Kekerasan Seksual)?,58
Apa itu PPKS?,58
PPKS artinya apa?,58
Apa maksud PPKS?,58
PPKS itu apa?,58
Definisi PPKS?,58
Apa yang dimaksud PPKS?,58
PPKS apa sih?,58
Pengertian dari PPKS?,58
PPKS maksudnya apa?,58
Kontak pengaduan PPKS?,59
Nomor pengaduan PPKS?,59
Kemana lapor PPKS?,59
Kontak untuk PPKS?,59
PPKS dilaporin kemana?,59
Nomor telepon pengaduan PPKS?,59
Kontak PPKS STIKOM?,59
Kemana hubungi soal PPKS?,59
PPKS kontaknya apa?,59
No pengaduan PPKS berapa?,59
Bimbingan akademik?,60
Apa itu bimbingan akademik?,60
Bimbingan akademik gimana?,60
Cara bimbingan akademik?,60
Bimbingan akademik di STIKOM?,60
Apa yang dimaksud bimbingan akademik?,60
Bimbingan akademik itu apa?,60
Bagaimana bimbingan akademik?,60
Bimbingan akademik caranya?,60
Apa saja bimbingan akademik?,60
Kriteria Penilaian Pengajaran?,61
Apa kriteria penilaian pengajaran?,61
Penilaian pengajaran berdasarkan apa?,61
Kriteria penilaian dosen?,61
Apa saja kriteria penilaian pengajaran?,61
Penilaian pengajaran gimana?,61
Kriteria untuk nilai pengajaran?,61
Bagaimana kriteria penilaian pengajaran?,61
Penilaian pengajaran dinilai dari apa?,61
Kriteria penilaian pengajaran apa?,61
Tes masuk mahasiswa baru?,62
Apa itu tes masuk mahasiswa baru?,62
Tes masuk STIKOM gimana?,62
Cara tes masuk mahasiswa baru?,62
Tes masuk di STIKOM apa?,62
Tes untuk mahasiswa baru?,62
Bagaimana tes masuk mahasiswa baru?,62
Tes masuk itu apa saja?,62
Prosedur tes masuk mahasiswa baru?,62
Tes masuk STIKOM caranya?,62
Pengertian Skripsi?,63
Apa itu skripsi?,63
Skripsi artinya apa?,63
Apa maksud skripsi?,63
Skripsi itu apa?,63
Definisi skripsi?,63
Apa yang dimaksud skripsi?,63
Skripsi apa sih?,63
Pengertian dari skripsi?,63
Skripsi maksudnya apa?,63
Prosedur Skripsi?,64
Bagaimana cara buat skripsi?,64
Langkah-langkah skripsi?,64
Prosedur untuk skripsi?,64
Cara skripsi di STIKOM?,64
Apa prosedur skripsi?,64
Skripsi caranya gimana?,64
Langkah2 skripsi?,64
Bagaimana prosedur skripsi?,64
Prosedur bikin skripsi apa?,64
Biaya ujian/seminar skripsi?,65
Berapa biaya seminar skripsi?,65
Ujian skripsi biayanya berapa?,65
Biaya untuk seminar skripsi?,65
Seminar skripsi di STIKOM biayanya?,65
Apa biaya ujian skripsi?,65
Biaya seminar skripsi berapa?,65
Ujian skripsi bayar berapa?,65
Berapa harga seminar skripsi?,65
Biaya ujian skripsi STIKOM?,65
Apa langkah-langkah buat daftar mata kuliah di STIKOM?,0
Gimana cara ambil matkul di STIKOM 22 Januari?,0
Prosedur penawaran matkul di STIKOM apa aja?,0
Bagaimana tahapan ngisi KRS di STIKOM?,0
"Kalau mau daftar matkul, harus ngapain aja?",0
Apa prospek kerja buat lulusan Sistem Informasi?,1
Lulusan SI bisa kerja jadi apa aja?,1
Prospek karir jurusan SI gimana?,1
Bidang apa yang nerima lulusan SI?,1
Kerja apa yang cocok buat alumni SI?,1
Apa peluang kerja lulusan Teknik Komputer?,2
Lulus TK bisa kerja di mana aja?,2
Prospek kerja TK bagus nggak?,2
Karir apa yang cocok buat jurusan TK?,2
"Setelah lulus TK, bisa jadi apa?",2
Apa aja mata kuliah di Teknik Komputer STIKOM?,3
Matkul wajib TK apa yang paling susah?,3
Daftar pelajaran Teknik Komputer apa saja?,3
Semester berapa yang ngajarin hardware di TK?,3
Apa yang dipelajari di jurusan TK?,3
Apa mata kuliah khas Sistem Informasi?,4
Daftar matkul SI di STIKOM apa aja?,4
Semester awal SI ngajar apa?,4
Apa saja pelajaran di jurusan SI?,4
Matkul apa yang unik di prodi SI?,4
Apa bedanya Teknik Komputer sama Sistem Informasi?,5
TK fokusnya apa dibanding SI?,5
Perbedaan jurusan TK dan SI apa?,5
TK sama SI beda di mana sih?,5
Apa yang membedakan TK dengan SI?,5
Nama dosen yang ngajar coding siapa?,6
Dosen favorit di STIKOM siapa?,6
Apa nama dosen senior di STIKOM?,6
Siapa dosen yang paling ketat di STIKOM?,6
Apa fasilitas yang ada di kampus STIKOM?,7
Lab STIKOM punya alat apa aja?,7
Fasilitas perpustakaan STIKOM gimana?,7
WiFi kampus STIKOM cepet nggak?,7
Apa yang disediakan di kampus STIKOM?,7
Bagaimana sejarah awal STIKOM 22 Januari?,8
Siapa yang mendirikan STIKOM?,8
Apa cerita berdirinya STIKOM?,8
Sejarah STIKOM dimulai dari mana?,8
Apa visi STIKOM untuk masa depan?,9
Misi STIKOM ngapain aja?,9
Bagaimana STIKOM bantu mahasiswa?,9
Nilai apa yang dipegang STIKOM?,9
Apa itu Teknik Komputer di STIKOM?,10
Teknik Komputer ngurusin apa sih?,10
TK lebih ke hardware atau software?,10
Jam berapa dosen STIKOM biasanya datang?,11
Dosen mulai ngajar jam berapa?,11
Kapan dosen ada di kampus STIKOM?,11
Dosen STIKOM datang pagi nggak?,11
Bagaimana proses dari KRS ke skripsi?,12
Apa tahapan penawaran matkul sampai skripsi?,12
Langkah dari daftar matkul ke skripsi apa?,12
Gimana alur akademik sampai skripsi?,12
"Setelah KRS, apa yang menuju skripsi?",12
"Kalau nilai jelek, cara perbaikinnya gimana?",13
Apa langkah buat ikut SP di STIKOM?,13
Prosedur perbaikan nilai di STIKOM apa?,13
Gimana cara daftar program ulang matkul?,13
Apa syarat buat perbaiki nilai?,13
Apa berita terbaru dari STIKOM?,14
Event apa yang lagi ada di STIKOM?,14
Update kampus STIKOM apa aja?,14
Berita STIKOM sekarang tentang apa?,14
Apa yang lagi rame di STIKOM?,14
Alamat STIKOM 22 Januari di mana?,15
STIKOM punya prodi apa aja?,15
Akreditasi STIKOM sekarang apa?,15
Apa info umum tentang STIKOM?,15
Bagaimana cara hubungi STIKOM?,15
Cara daftar mahasiswa baru STIKOM gimana?,16
Apa syarat masuk STIKOM?,16
Formulir daftar STIKOM di mana?,16
Berapa biaya pendaftaran STIKOM?,16
Jadwal kuliah STIKOM semester ini apa?,17
Apa kegiatan akademik di STIKOM?,17
Sistem perkuliahan STIKOM gimana?,17
Apa yang dilakuin selama kuliah?,17
Bagaimana cek jadwal akademik STIKOM?,17
Pinjam buku di STIKOM caranya gimana?,18
Apa syarat pinjam buku di perpustakaan?,18
Berapa lama boleh pinjam buku?,18
"Kalau telat balik buku, apa yang terjadi?",18
Pinjam buku perlu KTM nggak?,18
Akreditasi STIKOM sekarang berapa?,19
Status akreditasi STIKOM apa?,19
Prodi SI akreditasinya apa?,19
Kapan STIKOM terakhir akreditasi?,19
Apa nilai akreditasi STIKOM?,19
Siapa rektor STIKOM saat ini?,20
Pimpinan STIKOM sekarang siapa?,20
Nama wakil rektor STIKOM apa?,20
Siapa kepala STIKOM tahun ini?,20
Pimpinan tertinggi STIKOM siapa?,20
Struktur organisasi STIKOM gimana?,21
Siapa yang urus akademik di STIKOM?,21
Bagaimana hierarki di STIKOM?,21
Divisi apa aja di STIKOM?,21
Apa susunan manajemen STIKOM?,21
Siapa kaprodi SI di STIKOM?,22
Kaprodi TK STIKOM sekarang siapa?,22
Nama kaprodi terlama di STIKOM?,22
Siapa yang jadi kaprodi di STIKOM?,22
Kaprodi STIKOM yang baru siapa?,22
UKM apa yang ada di STIKOM?,23
Organisasi mahasiswa STIKOM apa aja?,23
Cara gabung UKM STIKOM gimana?,23
Komunitas apa yang aktif di STIKOM?,23
Apa UKM terkenal di STIKOM?,23
Apa prestasi mahasiswa STIKOM terbaru?,24
Mahasiswa STIKOM juara apa aja?,24
Pencapaian STIKOM di 2024 apa?,24
Prestasi internasional STIKOM apa?,24
Apa kebanggaan mahasiswa STIKOM?,24
Dosen STIKOM lulusan mana aja?,25
Apa latar belakang dosen STIKOM?,25
Dosen STIKOM ada dari luar negeri nggak?,25
Universitas apa yang lulusin dosen STIKOM?,25
Pengalaman dosen STIKOM dari mana?,25
IPK itu ngaruh ke kerja nggak?,26
Cara naikin IPK di STIKOM gimana?,26
IPK minimal lulus STIKOM berapa?,26
Apa itu IPK di STIKOM?,26
IPK STIKOM dihitung gimana?,26
KRS STIKOM diisi kapan?,27
Kenapa KRS wajib tiap semester?,27
Cara ubah KRS di STIKOM gimana?,27
Apa itu KRS di STIKOM?,27
Batas waktu isi KRS STIKOM kapan?,27
Kapan KHS keluar di STIKOM?,28
Apa fungsi KHS di STIKOM?,28
Cara cetak KHS online gimana?,28
KHS ngaruh ke IPK nggak?,28
Apa bedanya KHS sama transkrip?,28
Kelas karyawan STIKOM jadwalnya kapan?,29
Syarat kelas karyawan apa aja?,29
STIKOM punya kuliah malam nggak?,29
Cara daftar kelas karyawan gimana?,29
Kelas karyawan STIKOM buat siapa?,29
Kelas ekstensi STIKOM itu apa?,30
Siapa yang boleh ikut kelas ekstensi?,30
Apa bedanya ekstensi sama reguler?,30
Jadwal kelas ekstensi STIKOM kapan?,30
Syarat kelas ekstensi apa aja?,30
Apa kode etik mahasiswa STIKOM?,31
"Kalau langgar kode etik, apa sanksinya?",31
Aturan mahasiswa STIKOM apa aja?,31
Kode etik STIKOM ngatur apa?,31
Siapa yang awasi kode etik mahasiswa?,31
Kode etik dosen STIKOM apa?,32
Apa hukuman kalau dosen langgar etik?,32
Siapa yang pantau kode etik dosen?,32
Aturan dosen STIKOM apa aja?,32
Kode etik dosen ngapain aja?,32
Berapa SPP STIKOM per semester?,33
Biaya masuk STIKOM tahun ini berapa?,33
Ada diskon biaya kuliah nggak?,33
SPP STIKOM naik nggak?,33
Biaya kuliah STIKOM berapa?,33
Biaya praktikum STIKOM mahal nggak?,34
Berapa biaya wisuda di STIKOM?,34
Apa aja biaya tambahan di STIKOM?,34
Biaya asrama STIKOM berapa?,34
Biaya lain selain SPP apa?,34
Cara daftar beasiswa STIKOM gimana?,35
Apa syarat beasiswa prestasi?,35
Beasiswa STIKOM besarnya berapa?,35
Kapan pendaftaran beasiswa dibuka?,35
STIKOM punya beasiswa apa aja?,35
Magang di STIKOM wajib nggak?,36
Perusahaan magang STIKOM apa?,36
Berapa lama magang di STIKOM?,36
Cara daftar magang STIKOM gimana?,36
Magang STIKOM dapat SKS berapa?,36
Cara verifikasi ijazah STIKOM gimana?,37
Apa dokumen buat verifikasi?,37
Prosedur verifikasi STIKOM apa?,37
Verifikasi dokumen cepet nggak?,37
Langkah verifikasi STIKOM apa aja?,37
Matkul semester 1 SI apa aja?,38
Semester 2 TK ngajar apa?,38
Apa pelajaran awal di STIKOM?,38
Daftar matkul semester 1-2 apa?,38
Matkul semester awal susah nggak?,38
Reguler lebih murah dari ekstensi ya?,39
Kelas ekstensi jadwalnya gimana?,39
Perbedaan reguler dan ekstensi apa?,39
Reguler sama ekstensi mana yang fleksibel?,39
Wisuda STIKOM 2025 kapan?,40
Kapan jadwal wisuda STIKOM?,40
Wisuda di STIKOM setahun berapa kali?,40
Tanggal wisuda STIKOM diumumin kapan?,40
Waktu wisuda STIKOM apa?,40
Apa itu semester pendek di STIKOM?,41
Semester pendek buat apa?,41
Semester pendek sama SP nggak?,41
Apa manfaat semester pendek?,41
Jam tutup perpustakaan STIKOM apa?,42
Perpustakaan STIKOM buka Sabtu nggak?,42
Waktu operasional perpustakaan gimana?,42
Perpustakaan STIKOM tutup kapan?,42
Cara pinjam buku di STIKOM apa?,43
Syarat pinjam buku STIKOM apa aja?,43
"Kalau buku hilang, ganti berapa?",43
Prosedur pinjam buku gimana?,43
Berapa hari boleh pinjam buku?,43
Jam operasional STIKOM kapan?,44
Hari Sabtu STIKOM buka nggak?,44
Jam kerja admin STIKOM apa?,44
Kampus STIKOM tutup jam berapa?,44
Waktu operasional STIKOM gimana?,44
Cara jadi mahasiswa ahli jenjang gimana?,45
Apa syarat ahli jenjang STIKOM?,45
Prosedur ahli jenjang apa aja?,45
Langkah ahli jenjang STIKOM apa?,45
Ahli jenjang di STIKOM caranya?,45
Cara pindah dari STIKOM ke kampus lain?,46
Dokumen apa buat pindah dari STIKOM?,46
Prosedur pindah dari STIKOM gimana?,46
Langkah pindah dari STIKOM apa?,46
Pindah kampus dari STIKOM ribet nggak?,46
Cara pindah ke STIKOM dari kampus lain?,47
Syarat pindah ke STIKOM apa?,47
Prosedur masuk STIKOM dari univ lain?,47
Langkah pindah ke STIKOM gimana?,47
Pindah ke STIKOM butuh apa aja?,47
Cara konversi nilai di STIKOM gimana?,48
Dokumen apa buat konversi nilai?,48
Prosedur konversi nilai apa aja?,48
Konversi nilai STIKOM susah nggak?,48
Langkah konversi nilai STIKOM apa?,48
Kapan penerimaan KIP di STIKOM?,49
Jadwal terima KIP STIKOM apa?,49
KIP STIKOM diterima tiap semester nggak?,49
Penerimaan KIP STIKOM kapan?,49
Kapan KIP STIKOM dibuka?,49
Apa syarat daftar KIP STIKOM?,50
Dokumen apa buat KIP STIKOM?,50
Syarat KIP STIKOM apa aja?,50
KIP butuh surat miskin nggak?,50
Persyaratan KIP STIKOM gimana?,50
Cara daftar KIP STIKOM online?,51
Langkah ajukan KIP STIKOM apa?,51
Prosedur daftar KIP STIKOM gimana?,51
Pendaftaran KIP STIKOM cepet nggak?,51
Apa tahapan daftar KIP STIKOM?,51
Apa itu KKN di STIKOM?,52
KKN STIKOM wajib nggak?,52
Definisi KKN apa sih?,52
Apa tujuan KKN STIKOM?,52
KKN di STIKOM ngapain aja?,52
Cara daftar KKN STIKOM gimana?,53
Syarat ikut KKN STIKOM apa?,53
Prosedur KKN STIKOM apa aja?,53
Langkah KKN STIKOM gimana?,53
KKN STIKOM ribet nggak?,53
Berapa biaya KKN STIKOM?,54
Biaya KKN STIKOM mahal nggak?,54
KKN STIKOM bayar apa aja?,54
Harga KKN STIKOM berapa?,54
Apa aja biaya KKN STIKOM?,54
Apa itu studi industri di STIKOM?,55
Studi industri sama magang nggak?,55
Definisi studi industri apa?,55
Studi industri STIKOM ngapain?,55
Cara ikut studi industri STIKOM?,56
Syarat studi industri apa aja?,56
Prosedur studi industri gimana?,56
Langkah studi industri STIKOM apa?,56
Studi industri STIKOM caranya?,56
Berapa biaya studi industri STIKOM?,57
Studi industri mahal nggak?,57
Biaya studi industri apa aja?,57
Harga studi industri STIKOM berapa?,57
Apa yang dibayar buat studi industri?,57
Apa itu PPKS di STIKOM?,58
PPKS STIKOM ngurus apa?,58
Definisi PPKS apa sih?,58
Apa tujuan PPKS STIKOM?,58
PPKS itu pencegahan apa?,58
Nomor pengaduan PPKS STIKOM apa?,59
Kemana lapor PPKS di STIKOM?,59
Kontak PPKS STIKOM berapa?,59
PPKS STIKOM bisa dilaporin ke siapa?,59
Nomor telepon PPKS STIKOM apa?,59
Apa itu bimbingan akademik STIKOM?,60
Bimbingan akademik buat apa?,60
Cara ikut bimbingan akademik gimana?,60
Siapa yang ngasih bimbingan akademik?,60
Bimbingan akademik STIKOM apa aja?,60
Penilaian pengajaran STIKOM berdasarkan apa?,61
Kriteria nilai dosen STIKOM apa?,61
Apa yang dinilai dari dosen STIKOM?,61
Kriteria pengajaran STIKOM apa aja?,61
Apa bentuk tes masuk STIKOM?,62
Cara siapin tes masuk gimana?,62
Tes masuk STIKOM wajib nggak?,62
Tes masuk STIKOM ngapain aja?,62
Prosedur tes masuk STIKOM apa?,62
Apa itu skripsi di STIKOM?,63
Skripsi STIKOM wajib nggak?,63
Definisi skripsi apa sih?,63
Apa fungsi skripsi STIKOM?,63
Skripsi sama TA beda nggak?,63
Cara buat skripsi STIKOM gimana?,64
Langkah ajuin skripsi STIKOM apa?,64
Prosedur skripsi STIKOM apa aja?,64
Sidang skripsi STIKOM caranya?,64
Apa tahapan skripsi STIKOM?,64
Berapa biaya seminar skripsi STIKOM?,65
Biaya ujian skripsi mahal nggak?,65
Seminar skripsi STIKOM bayar apa?,65
Harga sidang skripsi STIKOM berapa?,65
Apa aja biaya skripsi STIKOM?,65
Langkah ambil mata kuliah di STIKOM apa aja?,0
Bagaimana cara daftar matakuliah semester ini?,0
Prosedur penawaran mata kuliah di STIKOM gimana?,0
Gimana tahapan ngisi KRS buat matakuliah?,0
Apa saja langkah penawaran matakuliah di STIKOM?,0
Prospek kerja lulusan SI apa aja?,1
Lulusan SI bisa jadi apa?,1
Apa peluang karir jurusan SI?,1
Apa peluang kerja lulusan TK?,2
Prospek karir TK bagus nggak?,2
Lulus TK bisa kerja di mana?,2
Kerja apa yang sesuai buat TK?,2
"Setelah lulus TK, karirnya apa?",2
Daftar mata kuliah Teknik Komputer apa aja?,3
Matakuliah TK yang susah apa?,3
Apa saja pelajaran di mata kuliah TK?,3
Semester berapa yang ajarin matakuliah hardware?,3
Apa yang dipelajari di matakuliah TK?,3
Matakuliah SI di STIKOM apa aja?,4
Semester awal SI ngajar mata kuliah apa?,4
Daftar matakuliah SI apa saja?,4
Apa yang unik di mata kuliah SI?,4
Apa bedanya TK sama SI?,5
TK sama SI beda di mana?,5
Siapa dosen di STIKOM 22 Januari?,6
Dosen favorit STIKOM siapa?,6
Apa nama dosen senior STIKOM?,6
Siapa dosen paling ketat di STIKOM?,6
Fasilitas kampus STIKOM apa aja?,7
Lab STIKOM punya alat apa?,7
WiFi STIKOM cepet nggak?,7
Apa yang ada di perpustakaan STIKOM?,7
Siapa pendiri STIKOM?,8
Apa cerita awal STIKOM?,8
Bagaimana sejarah STIKOM 22 Januari?,8
Apa visi STIKOM ke depan?,9
Teknik Komputer ngurusin apa?,10
Jurusan TK belajar apa?,10
Apa definisi TK di STIKOM?,10
Jam berapa dosen STIKOM datang?,11
Dosen STIKOM masuk pagi nggak?,11
Apa proses dari mata kuliah ke skripsi?,12
Langkah matakuliah sampai skripsi apa?,12
Bagaimana alur penawaran mata kuliah ke skripsi?,12
Tahapan matakuliah hingga skripsi gimana?,12
"Setelah daftar matakuliah, apa ke skripsi?",12
"Kalau nilai jelek, perbaikan matakuliah gimana?",13
Apa langkah ikut SP buat mata kuliah?,13
Prosedur perbaikan nilai matakuliah apa?,13
Cara daftar ulang mata kuliah di STIKOM?,13
Syarat perbaiki nilai matakuliah apa?,13
Apa berita terbaru STIKOM?,14
Update kampus STIKOM apa?,14
Berita STIKOM sekarang apa?,14
Prodi STIKOM apa aja?,15
Info umum STIKOM apa?,15
Cara hubungi STIKOM gimana?,15
Cara daftar mahasiswa baru STIKOM?,16
Syarat masuk STIKOM apa?,16
Biaya pendaftaran STIKOM berapa?,16
Jadwal kuliah STIKOM apa?,17
Kegiatan akademik STIKOM apa aja?,17
Cara cek jadwal akademik STIKOM?,17
Cara pinjam buku di STIKOM?,18
Syarat pinjam buku apa?,18
Berapa lama pinjam buku?,18
"Kalau telat balik buku, apa?",18
Pinjam buku perlu KTM?,18
Akreditasi STIKOM berapa?,19
Nilai akreditasi STIKOM apa?,19
Siapa rektor STIKOM sekarang?,20
Pimpinan STIKOM siapa?,20
Nama wakil rektor STIKOM?,20
Siapa urus akademik STIKOM?,21
Hierarki STIKOM apa?,21
Divisi apa di STIKOM?,21
Susunan manajemen STIKOM apa?,21
Siapa kaprodi SI STIKOM?,22
Kaprodi TK STIKOM siapa?,22
Nama kaprodi terlama STIKOM?,22
Siapa kaprodi baru STIKOM?,22
Kaprodi STIKOM yang mana?,22
UKM apa di STIKOM?,23
Organisasi mahasiswa STIKOM apa?,23
Cara gabung UKM STIKOM?,23
Komunitas aktif STIKOM apa?,23
UKM terkenal STIKOM apa?,23
Prestasi mahasiswa STIKOM apa?,24
Mahasiswa STIKOM juara apa?,24
Pencapaian STIKOM 2024 apa?,24
Prestasi internasional STIKOM?,24
Kebanggaan mahasiswa STIKOM apa?,24
Dosen STIKOM lulusan mana?,25
Latar belakang dosen STIKOM?,25
Dosen STIKOM dari luar negeri?,25
Universitas lulusan dosen STIKOM?,25
IPK ngaruh ke kerja nggak?,26
Cara naikin IPK STIKOM?,26
IPK minimal lulus STIKOM?,26
Apa itu IPK STIKOM?,26
Kenapa KRS wajib tiap mata kuliah?,27
Cara ubah KRS matakuliah STIKOM?,27
Apa itu KRS buat matakuliah?,27
Batas isi KRS matakuliah kapan?,27
Kapan KHS keluar STIKOM?,28
Fungsi KHS STIKOM apa?,28
Cara cetak KHS online?,28
KHS ngaruh ke IPK?,28
Bedanya KHS sama transkrip?,28
Kelas karyawan STIKOM jadwalnya?,29
Syarat kelas karyawan apa?,29
STIKOM punya kuliah malam?,29
Cara daftar kelas karyawan?,29
Kelas karyawan buat siapa?,29
Kelas ekstensi STIKOM apa?,30
Siapa boleh ikut ekstensi?,30
Bedanya ekstensi sama reguler?,30
Jadwal kelas ekstensi kapan?,30
Syarat kelas ekstensi apa?,30
Kode etik mahasiswa STIKOM?,31
"Kalau langgar kode etik, apa?",31
Aturan mahasiswa STIKOM apa?,31
Siapa awasi kode etik mahasiswa?,31
Hukuman langgar etik dosen?,32
Siapa pantau kode etik dosen?,32
Aturan dosen STIKOM apa?,32
Kode etik dosen ngapain?,32
SPP STIKOM per semester?,33
Biaya masuk STIKOM berapa?,33
Ada diskon biaya kuliah?,33
Biaya praktikum STIKOM mahal?,34
Berapa biaya wisuda STIKOM?,34
Biaya tambahan STIKOM apa?,34
Biaya lain selain SPP?,34
Cara daftar beasiswa STIKOM?,35
Syarat beasiswa prestasi?,35
Beasiswa STIKOM besarnya?,35
Kapan pendaftaran beasiswa?,35
STIKOM punya beasiswa apa?,35
Magang STIKOM wajib nggak?,36
Perusahaan magang STIKOM?,36
Berapa lama magang STIKOM?,36
Cara daftar magang STIKOM?,36
Magang STIKOM SKS berapa?,36
Cara verifikasi ijazah STIKOM?,37
Dokumen verifikasi apa?,37
Prosedur verifikasi STIKOM?,37
Verifikasi dokumen cepet?,37
Langkah verifikasi STIKOM?,37
Matkul mata kuliah semester 1 SI?,38
Matakuliah semester 2 TK apa?,38
Pelajaran awal matakuliah apa?,38
Daftar mata kuliah semester 1-2?,38
Matakuliah semester awal susah?,38
Bedanya reguler sama ekstensi?,39
Reguler lebih murah dari ekstensi?,39
Kelas ekstensi jadwalnya apa?,39
Perbedaan reguler dan ekstensi?,39
Reguler sama ekstensi fleksibel?,39
Jadwal wisuda STIKOM apa?,40
Wisuda STIKOM berapa kali?,40
Tanggal wisuda diumumin kapan?,40
Semester pendek sama SP?,41
Manfaat semester pendek apa?,41
Semester pendek artinya?,41
Perpustakaan STIKOM buka jam?,42
Jam tutup perpustakaan STIKOM?,42
Perpustakaan buka Sabtu?,42
Waktu operasional perpustakaan?,42
Perpustakaan tutup kapan?,42
Cara pinjam buku STIKOM?,43
"Kalau buku hilang, ganti?",43
Prosedur pinjam buku apa?,43
Berapa hari pinjam buku?,43
Sabtu STIKOM buka nggak?,44
Jam kerja admin STIKOM?,44
Kampus STIKOM tutup jam?,44
Waktu operasional STIKOM?,44
Cara jadi ahli jenjang?,45
Syarat ahli jenjang STIKOM?,45
Langkah ahli jenjang STIKOM?,45
Ahli jenjang caranya?,45
Cara pindah dari STIKOM?,46
Dokumen pindah dari STIKOM?,46
Prosedur pindah STIKOM?,46
Langkah pindah STIKOM apa?,46
Pindah dari STIKOM ribet?,46
Cara pindah ke STIKOM?,47
Syarat pindah ke STIKOM?,47
Prosedur masuk STIKOM?,47
Langkah pindah ke STIKOM?,47
Pindah ke STIKOM butuh apa?,47
Cara konversi nilai STIKOM?,48
Dokumen konversi nilai?,48
Konversi nilai susah nggak?,48
Langkah konversi STIKOM?,48
Kapan penerimaan KIP STIKOM?,49
Jadwal terima KIP apa?,49
KIP diterima tiap semester?,49
Syarat daftar KIP STIKOM?,50
Dokumen KIP STIKOM apa?,50
Syarat KIP apa aja?,50
KIP butuh surat keterangan tidak mampu?,50
Cara daftar KIP online?,51
Langkah ajukan KIP apa?,51
Prosedur daftar KIP?,51
Pendaftaran KIP cepet?,51
Tahapan daftar KIP apa?,51
Apa itu KKN STIKOM?,52
Definisi KKN apa?,52
Tujuan KKN STIKOM apa?,52
KKN ngapain aja?,52
Cara daftar KKN STIKOM?,53
Syarat ikut KKN apa?,53
Prosedur KKN STIKOM?,53
Langkah KKN gimana?,53
Biaya KKN mahal nggak?,54
KKN bayar apa aja?,54
Harga KKN berapa?,54
Biaya KKN apa aja?,54
Studi industri sama magang?,55
Studi industri ngapain?,55
Maksud studi industri apa?,55
Cara ikut studi industri?,56
Syarat studi industri apa?,56
Prosedur studi industri?,56
Langkah studi industri apa?,56
Studi industri caranya?,56
Studi industri mahal?,57
Biaya studi industri apa?,57
Harga studi industri berapa?,57
Bayar apa buat studi industri?,57
Apa itu PPKS STIKOM?,58
PPKS ngurus apa?,58
Definisi PPKS apa?,58
Tujuan PPKS apa?,58
PPKS cegah apa?,58
Nomor pengaduan PPKS apa?,59
PPKS dilaporin ke siapa?,59
Telepon PPKS berapa?,59
Apa bimbingan akademik?,60
Cara ikut bimbingan akademik?,60
Siapa kasih bimbingan?,60
Bimbingan akademik apa aja?,60
Penilaian pengajaran berdasarkan?,61
Kriteria nilai dosen apa?,61
Apa dinilai dari dosen?,61
Kriteria pengajaran apa?,61
Bentuk tes masuk STIKOM?,62
Cara siapin tes masuk?,62
Tes masuk wajib nggak?,62
Tes masuk ngapain aja?,62
Prosedur tes masuk apa?,62
Apa itu skripsi STIKOM?,63
Skripsi wajib nggak?,63
Definisi skripsi apa?,63
Fungsi skripsi apa?,63
Skripsi sama TA beda?,63
Cara buat skripsi STIKOM?,64
Langkah ajuin skripsi apa?,64
Prosedur skripsi apa aja?,64
Sidang skripsi caranya?,64
Tahapan skripsi apa?,64
Biaya ujian skripsi mahal?,65
Seminar skripsi bayar apa?,65
Harga sidang skripsi berapa?,65
Biaya skripsi apa aja?,65
"Apa itu Sistem Informasi?",66
"Definisi Sistem Informasi apa sih?",66
"Sistem Informasi di STIKOM ngapain?",66
"Apa maksud dari jurusan SI?",66
"SI itu belajar apa aja?",66
"Apa yang dimaksud dengan Sistem Informasi?",66
"Sistem Informasi itu apa ya?",66
"Pengertian SI di kampus STIKOM?",66
"Apa arti Sistem Informasi dalam kuliah?",66
"SI di STIKOM fokusnya apa?",66
"Sistem Informasi ngurusin apa?",66
"Jurusan SI itu tentang apa sih?",66
"Apa bedanya SI sama IT?",66
"Sistem Informasi sama dengan Teknik Komputer nggak?",66
"Apa tujuan jurusan Sistem Informasi?",66
"SI itu lebih ke software atau bisnis?",66
"Apa dasar ilmu Sistem Informasi?",66
"Sistem Informasi mencakup apa aja?",66
"Apa yang dipelajari di SI STIKOM?",66
"Pengertian SI buat pemula apa?",66
"SI itu cuma ngoding nggak?",66
"Apa fungsi Sistem Informasi di perusahaan?",66
"Sistem Informasi itu ilmu apa?",66
"Jurusan SI STIKOM ngajarin apa?",66
"Apa sih inti dari Sistem Informasi?",66
"SI itu teknologi atau manajemen?",66
"Apa yang bikin SI penting?",66
"Sistem Informasi di dunia kerja ngapain?",66